Название,Бюджет($),Сборы в США($),Сборы в мире($),Статус
Оппенгеймер,$100 000 000,$329 862 540,$972 444 774,Победитель
Оставленные,$20 000 000,$20 355 375,$44 644 930,Номинант
Бедные-несчастные,$35 000 000,$34 553 225,$117 463 328,Номинант
Прошлые жизни,$19 000 000, $11 185 625,$42 333 271,Номинант
Американское чтиво,$24 000 000,$21 098 470,$22 483 370,Номинант
Убийцы цветочной луны,$200 000 000,$68 026 901,$157 026 901,Номинант
Зона интересов,$15 000 000,$8 659 464,$48 975 567,Номинант
Анатомия падения,$6 200 000,$5 076 369 ,$35 608 040 ,Номинант
Барби,$100 000 000,$636 238 421,$1 445 638 421,Номинант
Маэстро,$80 000 000,$57 878,$383 532,Номинант
Аватар: Путь воды,$350 000 000,$684 075 767,$2 320 250 281,Номинант
Топ Ган: Мэверик,$140 000 000,$718 732 821,$1 495 696 292,Номинант
На Западном фронте без перемен,$20 000 000,$16 772 934,$19 993 562,Номинант
Фабельманы,$40 000 000,$17 348 945,$45 647 323,Номинант
Банши Инишерина,$20 000 000,$10 582 266,$49 262 687,Номинант
Всё везде и сразу,$25 000 000,$77 191 785 ,$139 405 704,Победитель
Тар,$35 000 000,$6 773 650,$29 048 571,Номинант
Элвис,$85 000 000,$151 040 048,$287 740 048,Номинант
Треугольник печали,$15 600 000,$4 608 096,$26 214 659 ,Номинант
Говорят женщины,$13 000 000,$5 456 531,$9 274 940,Номинант
CODA: Ребенок глухих родителей,$10 000 000,$228 607,$1 905 058 ,Победитель
Дюна,$165 000 000,$108 897 830,$407 573 628,Номинант
Король Ричард,$50 000 000,$15 129 285,$39 429 285,Номинант
Не смотрите наверх,$75 000 000,$200 565,$791 863 ,Номинант
Сядь за руль моей машины,$12 000 000,$2 352 240,$15 334 331,Номинант
Аллея кошмаров,$60 000 000,$11 338 107,$39 629 195,Номинант
Лакричная пицца,$40 000 000,$17 318 007,$33 274 040,Номинант
Белфаст,$14 000 000,$9 250 870,$49 158 709,Номинант
Вестсайдская история,$100 000 000,$38 530 322,$76 016 171,Номинант
Власть пса,$35 000 000,$96 261,$271 009,Номинант
Отец,$17 000 000,$2 122 771,$24 043 318,Номинант
Суд над чикагской семеркой,$35 000 000,$20 560,$24 357 ,Номинант
Звук металла,$5 400 000,$2 126,$516 520 ,Номинант
Земля кочевников,$5 000 000,$3 700 000,$39 458 207,Победитель
Манк,$25 000 000,$12 872,$83 469 ,Номинант
Минари,$2 000 000,$3 110 580,$15 288 578,Номинант
Девушка,$10 000 000,$6 460 965,$18 854 166 ,Номинант
Иуда и чёрный мессия,$26 000 000,$5 478 009,$7 478 009,Номинант
Ford против Ferrari,$97 600 000,$117 624 357,$225 508 210,Номинант
Паразиты,$11 000 000,$53 369 749,$262 099 264,Победитель
Джокер,$55 000 000,$335 451 311,$1 078 751 311,Номинант
Кролик Джоджо,$14 000 000,$33 370 906,$90 335 025,Номинант
1917,$100 000 000,$159 227 644,$384 580 017,Номинант
Маленькие женщины,$40 000 000,$108 101 214,$218 843 645,Номинант
Однажды в… Голливуде,$90 000 000,$142 502 728,$377 426 903,Номинант
История о супружестве,$8 600 000,$17 428,$333 686 ,Номинант
Ирландец,$160 000 000,$968 853,$968 853,Номинант
Зеленая книга,$23 000 000,$85 080 171,$321 752 656 ,Победитель
Богемская рапсодия,$52 000 000,$216 428 042,$903 655 259,Номинант
Звезда родилась,$36 000 000,$215 288 866,$436 388 866,Номинант
Фаворитка,$15 000 000,$34 366 783,$95 918 706,Номинант
Власть,$40 000 000,$47 836 282,$76 073 488,Номинант
Рома,$15 000 000,$589 543,$1 140 769,Номинант
Чёрный клановец,$15 000 000,$49 275 340,$93 400 823,Номинант
Чёрная Пантера,$200 000 000,$700 059 566,$1 346 913 161,Номинант
Три билборда на границе Эббинга,$15 000 000,$54 513 740,$160 060 063,Номинант
Назови меня своим именем,€ 4 000 000,$18 095 701,$42 112 584,Номинант
Темные времена,$30 000 000,$56 468 410,$150 847 207,Номинант
Дюнкерк,$100 000 000,$188 045 546,$526 045 546,Номинант
Прочь,$4 500 000,$176 040 665,$255 407 969,Номинант
Призрачная нить,$35 000 000,$21 198 205,$47 756 590,Номинант
Леди Бёрд,$10 000 000,$48 958 273,$78 965 611,Номинант
Форма воды,$19 400 000,$63 859 435,$195 243 464,Победитель
Секретное досье,$50 000 000,$81 903 458,$179 769 457,Номинант
По соображениям совести,$40 000 000,$67 209 615,$180 563 636,Номинант
Лев,$12 000 000,$51 738 905,$140 312 928,Номинант
Ла-Ла Ленд,$30 000 000,$151 101 803,$447 407 695,Номинант
Скрытые фигуры,$25 000 000,$169 607 287,$235 956 898,Номинант
Прибытие,$47 000 000,$100 546 139,$203 388 186,Номинант
Манчестер у моря,$9 000 000,$47 695 371,$78 988 148,Номинант
Любой ценой,$12 000 000,$27 007 844,$37 879 877,Номинант
Ограды,$24 000 000,$57 682 904,$64 414 761,Номинант
Лунный свет,$1 500 000,$27 854 932,$65 172 611,Победитель
Выживший,$135 000 000,$183 637 894,$532 950 503,Номинант
Безумный Макс: Дорога ярости,$150 000 000,$153 636 354,$379 436 354,Номинант
Марсианин,$108 000 000,$228 433 663,$630 161 890,Номинант
В центре внимания,$20 000 000,$45 055 776,$98 690 254,Победитель
Комната,$13 000 000,$14 677 654,$35 401 758,Номинант
Шпионский мост,$40 000 000,$72 313 754,$165 478 348,Номинант
Игра на понижение,$28 000 000,$70 259 870,$133 440 870,Номинант
Бруклин,$11 000 000,$38 322 743,$62 076 141,Номинант
Одержимость,$3 300 000,$13 092 000,$48 982 041,Номинант
Отель «Гранд Будапешт»,€ 23 000 000,$59 301 324,$172 936 941,Номинант
Вселенная Стивена Хокинга,$15 000 000,$35 893 537,$123 726 688,Номинант
Бёрдмэн,$18 000 000,$42 340 598,$103 215 094,Победитель
Игра в имитацию,$14 000 000,$91 125 683,$233 555 708,Номинант
Отрочество,$4 000 000,$25 352 281,$48 137 666,Номинант
Снайпер,$58 800 000,$350 126 372,$547 626 372,Номинант
Сельма,$20 000 000,$52 076 908,$66 787 908,Номинант
Волк с Уолл-стрит,$100 000 000,$116 900 694,$392 000 694,Номинант
Далласский клуб покупателей,$5 000 000,$27 298 285,$55 198 285,Номинант
12 лет рабства,$20 000 00,$56 671 993,$187 733 202,Победитель
Она,$23 000 000,$25 568 251,$48 517 427,Номинант
Капитан Филлипс,$55 000 000,$107 100 855,$218 791 811,Номинант
Небраска,$12 000 000,$17 654 912,$27 682 872,Номинант
Филомена,$12 000 000,$37 709 979,$100 129 872,Номинант
Гравитация,$100 000 000,$274 092 705,$723 192 705,Номинант
Афера по-американски,$40 000 000,$150 117 807,$251 171 807,Номинант
Джанго освобожденный,$100 000 000,$162 805 434,$425 368 238,Номинант
Отверженные,$61 000 000,$148 809 770,$441 809 770,Номинант
Жизнь Пи,$120 000 000,$124 987 023,$609 016 565,Номинант
Любовь,$8 900 000,$6 739 492,$29 652 180,Номинант
Операция «Арго»,$44 500 000,$136 025 503,$232 325 503,Победитель
Мой парень — псих,$21 000 000,$132 092 958,$236 412 453,Номинант
Линкольн,$65 000 000,$182 207 973,$275 293 450,Номинант
Цель номер один,$40 000 000,$95 720 716,$132 820 716,Номинант
Звери дикого Юга,$1 800 000,$12 795 746,$21 107 746,Номинант
Прислуга,$25 000 000,$169 708 112,$216 639 112,Номинант
Артист,$15 000 000,$44 671 682,$133 432 856,Победитель
Полночь в Париже,$17 000 000,$56 817 045,$151 119 219,Номинант
Человек,$50 000 000,$75 605 492,$110 206 216,Номинант
Боевой конь,$66 000 000,$79 884 879,$177 584 879,Номинант
Жутко громко и запредельно близко,$40 000 000,$31 847 881,$55 247 881,Номинант
Хранитель времени,$150 000 000,$73 864 507,$185 770 160,Номинант
Потомки,$20 000 000,$82 584 160,$177 243 185,Номинант
Древо жизни,$32 000 000,$13 303 319,$54 303 319,Номинант
Начало,$160 000 000,$292 576 195,$828 322 032,Номинант
Король говорит!,$15 000 000,$135 453 143,$410 867 243,Победитель
История игрушек: Большой побег,$200 000 000,$415 004 880,$1 066 969 703,Номинант
Боец,$25 000 000,$93 617 009,$129 190 869,Номинант
Чёрный лебедь,$13 000 000,$106 954 678,$329 398 046,Номинант
Социальная сеть,$50 000 000,$96 962 694,$224 920 315,Номинант
127 часов,$18 000 000,$18 335 230,$60 738 797,Номинант
Железная хватка,$38 000 000,$171 243 005,$252 276 927,Номинант
Детки в порядке,$4 000 000,$20 811 365,$34 705 850,Номинант
Зимняя кость,$2 000 000,$6 531 491,$13 831 491,Номинант
Невидимая сторона,$29 000 000,$255 959 475,$309 208 309,Номинант
Вверх,$175 000 000,$293 004 164,$735 099 082,Номинант
Бесславные ублюдки,$70 000 000,$120 540 719,$321 455 689,Номинант
Аватар,$237 000 000,$785 221 649,$2 923 706 026,Номинант
Район №9,$30 000 000,$115 646 235,$210 819 611,Номинант
Воспитание чувств,$7 500 000,$12 574 914,$26 096 852,Номинант
Мне бы в небо,$25 000 000,$83 823 381,$166 842 739,Номинант
Повелитель бури,$15 000 000,$17 017 811,$49 230 772,Победитель
Сокровище,$10 000 000,$47 566 524,$63 647 833,Номинант
Серьёзный человек,$7 000 000,$9 228 768,$31 430 334,Номинант
Загадочная история Бенджамина Баттона,$150 000 000,$127 509 326,$333 932 083,Номинант
Чтец,$32 000 000,$34 194 407,$108 901 967,Номинант
Миллионер из трущоб,$15 000 000,$141 319 928,$377 910 544,Победитель
Фрост против Никсона,$25 000 000,$18 622 031,$27 426 335,Номинант
Харви Милк,$20 000 000,$31 841 299,$54 586 584,Номинант
Искупление,$25000 000,$50 927 067,$129 266 061,Номинант
Нефть,$25 000 000,$40 222 514,$76 181 545,Номинант
Старикам тут не место,$25 000 000,$74 283 625,$171 627 166,Победитель
Джуно,$7 500 000,$143 495 265,$231 411 584,Номинант
Майкл Клейтон,$25 000 000,$49 033 882,$92 991 835,Номинант
Отступники,$90 000 000,$132 384 315,$291 465 034,Победитель
Письма с Иводзимы,$19 000 000,$13 756 082,$68 673 228,Номинант
Вавилон,$25 000 000,$34 302 837,$135 330 182,Номинант
Королева,$9 800 000,$56 441 711,$123 384 128,Номинант
Маленькая мисс Счастье,$8 000 000,$59 891 098,$100 523 181,Номинант
Столкновение,$6 500 000,$54 580 300,$98 410 061,Победитель
Горбатая гора,$14 000 000,$83 043 761,$178 062 759,Номинант
Мюнхен,$70 000 000,$47 403 685,$130 358 645,Номинант
Капоте,$7 000 000,$28 750 530,$48 083 613,Номинант
Доброй ночи и удачи,$7 000 000,$31 558 003,$51 306 963,Номинант
Малышка на миллион,$30 000 000,$100 492 203,$216 763 646,Победитель
Рэй,$40 000 000,$75 331 600,$123 971 376,Номинант
Волшебная страна,$25 000 000,$51 680 613,$116 650 613,Номинант
Авиатор,$110 000 000,$102 610 330,$213 741 459,Номинант
На обочине,$16 000 000,$71 503 593,$109 334 629,Номинант
Властелин колец: Возвращение короля,$94 000 000,$379 427 292,$1 156 194 180,Победитель
Фаворит,$87 000 000,$120 277 854,$148 336 445,Номинант
Таинственная река,$25 000 000,$90 135 191,$156 595 191,Номинант
Хозяин морей: На краю Земли,$150 000 000,$93 927 920,$210 327 920,Номинант
Трудности перевода,$4 000 000,$44 585 453,$118 685 453,Номинант
Властелин колец: Две крепости,$94 000 000,$342 952 511,$948 945 489,Номинант
Пианист,$45 000 000,$32 572 577,$120 072 577,Номинант
Банды Нью-Йорка,$100 000 000,$77 812 000,$193 772 504,Номинант
Чикаго,$45 000 000,$170 687 518,$306 776 732,Победитель
Часы,$25 000 000,$41 675 994,$108 846 072,Номинант
Властелин колец: Братство Кольца,$93 000 000,$316 115 420,$883 407 846,Номинант
Игры разума,$58 000 000,$170 742 341,$313 542 341,Победитель
Мулен Руж,$50 000 000,$57 386 607,$179 213 434,Номинант
Госфорд-парк,$19 800 000,$41 308 615,$87 754 044,Номинант
В спальне,$1 700 000,$35 930 604,$43 368 779,Номинант
Гладиатор,$103 000 000,$187 705 427,$460 583 960,Победитель
Шоколад,$25 000 000,$71 509 363,$152 699 946,Номинант
Эрин Брокович,$52 000 000,$125 595 205,$256 271 286,Номинант
Крадущийся тигр,$17 000 000,$128 078 872,$213 525 736,Номинант
Траффик,$48 000 000,$124 115 725,$207 515 725,Номинант
Зеленая миля,$60 000 000,$136 801 374,$286 801 374,Номинант
Шестое чувство,$40 000 000,$293 506 292,$672 806 292,Номинант
Красота по-американски,$15 000 000,$130 096 601,$356 296 601,Победитель
Правила виноделов,$24 000 000,$57 545 092,$88 545 092,Номинант
Свой человек,$90 000 000,$29 089 912,$60 289 912,Номинант
Жизнь прекрасна,$20 000 000,$57 247 384,$228 847 384,Номинант
Спасти рядового Райана,$70 000 000,$216 540 909,$481 840 909,Номинант
Елизавета,$30 000 000,$30 034 127,$82 102 070,Номинант
Влюблённый Шекспир,$25 000 000,$100 317 794,$289 317 794,Победитель
Тонкая красная линия,$52 000 000,$36 400 491,$98 126 565,Номинант
Титаник,$200 000 000,$674 292 608,$2 264 743 305,Победитель
Умница Уилл Хантинг,$10 000 000,$138 433 435,$225 933 435,Номинант
Секреты Лос-Анджелеса,$35 000 000,$64 616 940,$126 216 940,Номинант
Лучше не бывает,$50 000 000,$148 478 011,$314 178 011,Номинант
Мужской стриптиз,$3 500 000,$45 950 122,$257 850 122,Номинант
Английский пациент,$27 000 000,$78 676 425,$231 976 425,Победитель
Блеск,$5 500 000,$35 892 330,$35 999 081,Номинант
Фарго,$7 000 000,$24 611 975,$60 611 975,Номинант
Джерри Магуайер,$50 000 000,$153 952 592,$273 552 592,Номинант
Тайны и ложь,$4 500 000,$13 417 292,$52 017 292,Номинант
Храброе сердце,$72 000 000,$75 609 945,$213 216 216,Победитель
Разум и чувства,$16 500 000,$43 182 776,$134 582 776,Номинант
Аполлон 13,$62 000 000,$172 071 312,$353 148 882,Номинант
Почтальон,$3 000 000,$21 848 932,$76 748 932,Номинант
Бэйб: Четвероногий малыш,$30 000 000,$63 658 910,$254 134 910,Номинант
Побег из Шоушенка,$25 000 000,$28 341 469,$28 418 687,Номинант
Форрест Гамп,$55 000 000,$329 694 499,$677 387 716,Победитель
Криминальное чтиво,$8 000 000,$107 928 762,$213 928 762,Номинант
Телевикторина,$31 000 000,$24 822 619,$24 822 619,Номинант
Четыре свадьбы и одни похороны,$4 400 000,$52 700 832,$245 700 832,Номинант
Список Шиндлера,$22 000 000,$96 065 768,$321 306 305,Победитель
Беглец,$44 000 000,$183 875 760,$368 875 760,Номинант
Во имя отца,$13 000 000,$25 096 862,$65 796 862,Номинант
Пианино,$7 000 000,$40 157 856,$120 072 577,Номинант
На исходе дня,$15 000 000,$23 237 911,$ 23 237 911,Номинант
Запах женщины,$31 000 000,$63 095 253,$134 095 253,Номинант
Несколько хороших парней,$40 000 000,$141 340 178,$243 240 178,Номинант
Непрощенный,$14 400 000,$101 157 447,$159 157 447,Победитель
Говардс-Энд,$21 000 000,$25 966 555,$25 966 555,Номинант
Жестокая игра, 2 300 000,$62 548 947,$62 548 947,Номинант
Молчание ягнят,$19 000 000,$130 742 922,$272 742 922,Победитель
Красавица и чудовище,$25 000 000,$145 863 363,$331 907 151,Номинант
Джон Ф. Кеннеди: Выстрелы в Далласе,$40 000 000,$70 405 498,$205 405 498,Номинант
Повелитель приливов,$30 000 000,$74 787 599,$74 787 599,Номинант
Багси,$40 000 000,$49 114 016,$49 114 016,Номинант
Пробуждение,$31 000 000,$52 096 475,$52 096 475,Номинант
Привидение,$22 000 000,$217 631 306,$505 702 588,Номинант
Славные парни,$25 000 000,$36 836 394,$35 000 000,Номинант
Танцующий с волками,$22 000 000,$184 208 848,$424 208 848,Победитель
Крестный отец 3,$54 000 000,$66 666 062,$136 766 062,Номинант
Общество мертвых поэтов,$16 400 000,$95 860 116,$235 860 116,Номинант
Моя левая нога, 600 000,$14 743 391,$14 743 391,Номинант
Шофер мисс Дэйзи,$7 500 000,$106 593 296,$145 793 296,Победитель
Рожденный четвертого июля,$14 000 000,$70 001 698,$161 001 698,Номинант
Поле чудес,$15 000 000,$64 431 625,$84 431 625,Номинант
Человек дождя,$25 000 000,$172 825 435,$354 825 435,Победитель
Опасные связи,$14 000 000,$34 670 720,$34 670 720,Номинант
Миссисипи в огне,$15 000 000,$34 603 943,$34 603 943,Номинант
Деловая женщина,$28 600 000,$63 779 477,$102 953 112,Номинант
Турист поневоле,$100 000 000,$32 632 093,$32 632 093,Номинант
Последний император,$25 000 000,$43 984 230,$43 984 230,Победитель
Во власти Луны,$15 000 000,$80 640 528,$84 824 528,Номинант
Роковое влечение,$14 000 000,$156 645 693,$320 145 693,Номинант
Надежда и слава,$9 300 000,$10 021 120,$10 021 120,Номинант
Теленовости,$20 000 000,$51 249 404,$67 330 500,Номинант
Взвод,$6 000 000,$138 530 565,$138 545 632,Победитель
Дети тишины,$10 500 000,$31 853 080,$31 853 080,Номинант
Ханна и её сестры,$6 400 000,$40 084 041,$27 975 429,Номинант
Миссия,$24 500 000,$17 218 023,$17 503 446,Номинант
Комната с видом,$3 000 000,$20 966 644,$21 040 317,Номинант
Цветы лиловые полей,$15 000 000,$98 467 863,$146 467 863,Номинант
Из Африки,$31 000 000,$87 071 205,$128 499 205,Победитель
Поцелуй женщины-паука,$7 000 000,$17 005 229,$17 005 229,Номинант
Свидетель,$12 000 000,$68 706 993,$69 795 912,Номинант
Честь семьи Прицци,$16 000 000,$26 657 534,$26 657 534,Номинант
Амадей,$18 000 000,$51 973 029,$51 973 029,Победитель
Поля смерти,$14 400 000,$34 700 291,$34 700 291,Номинант
Место в сердце,$9 500 000,$34 901 614,$34 901 614,Номинант
Поездка в Индию,$16 000 000,$27 187 653,$14 728 620,Номинант
Армейская история,$6 000 000,$21 821 347,$21 821 347,Номинант
Язык нежности,$8 000 000,$108 423 489,$164 223 489,Победитель
Костюмер,1 456 000,$5 310 748,$5 310 748,Номинант
Парни что надо,$27 000 000,$21 192 102,$21 192 102,Номинант
Большое разочарование,$8 000 000,$56 200 000,$56 200 000,Номинант
Нежное милосердие,$4 500 000,$8 443 124,$8 443 124,Номинант
Ганди,$22 000 000,$52 767 889,$52 767 889,Победитель
Тутси,$22 000 000,$177 200 000,$177 200 000,Номинант
Инопланетянин,$10 500 000,$359 197 037,$663 400 925,Номинант
Вердикт,$16 000 000,$53 977 250,$53 977 250,Номинант
Пропавший без вести,$9 500 000,$14 000 000,$15 000 000,Номинант
Индиана Джонс: В поисках утраченного ковчега,$18 000 000,$212 222 025,$353 988 025,Номинант
На Золотом пруду,$100 000 000,$119 285 810,$119 285 432,Номинант
Атлантик-Сити,$7 200 000,$12 729 675,$12 729 675,Номинант
Красные,$35 000 000,$40 382 659,$40 382 788,Номинант
Огненные колесницы,$5 500 000,$58 972 904,$58 972 964,Победитель
Человек-слон,$5 000 000,$26 010 864,$26 020 641,Номинант
Бешеный бык,$18 000 000,$23 383 987,$23 384 902,Номинант
Тэсс,$12 000 000,$20 093 330,$20 274 330,Номинант
Обыкновенные люди,$6 000 000,$54 766 923,$54 766 923,Победитель
Дочь шахтера,$13 000 000,$67 182 787,$67 182 787,Номинант
Апокалипсис сегодня,$31 500 000,$83 471 511,$83 658 379,Номинант
Крамер против Крамера,$8 000 000,$106 260 000,$106 260 000,Победитель
Весь этот джаз,$9 500 000,$37 823 676,$37 823 676,Номинант
Уходя в отрыв,$2 300 000,$16 424 918,$16 424 918,Номинант
Норма Рэй,$4 500 000,$22 228 000,$22 228 000,Номинант
Охотник на оленей,$15 000 000,$48 979 328,$48 991 826,Победитель
Полуночный экспресс,$2 300 000,$83 361,$2 620 870,Номинант
Возвращение домой,$3 000 000,$32 653 905,$32 653 905,Номинант
Незамужняя женщина,$2 500 000,$24 000 000,$25 678 102,Номинант
Небеса могут подождать,$72 000 000,$81 640 278,$81 640 278,Номинант
Звёздные войны: Эпизод 4 – Новая надежда,$11 000 000,$307 263 857,$503 015 849,Номинант
Энни Холл,$4 000 000,$38 251 425,$38 251 425,Победитель
До свиданья,$94 000 000,$102 000 000,$102 000 000,Номинант
Джулия,$7 840 000,$20 714 400,$20 714 400,Номинант
Поворотный пункт,$11 000 000,$25 933 445,$25 933 445,Номинант
Рокки,$1 100 000,$117 235 147,$225 000 000,Победитель
Таксист,$1 900 000,$28 262 574,$28 392 191,Номинант
Телесеть,$3 800 000,$23 689 877,$23 690 757,Номинант
Вся президентская рать,$8 500 000,$70 600 000,$70 600 000,Номинант
На пути к славе,$4 000 000,$17 620 711,$17 935 398,Номинант
Пролетая над гнездом кукушки,$3 000 000,$108 981 275,$112 391 275,Победитель
Барри Линдон,$11 000 000,$20 000 000,$20 022 771,Номинант
Собачий полдень,$1 800 000,$50 000 000,$50 001 496,Номинант
Челюсти,$7 000 000,$260 000 000,$470 653 000,Номинант
Нэшвилл,$2 200 000,$9 984 123,$9 984 123,Номинант
Крестный отец 2,$13 000 000,$47 542 841,$47 643 435,Победитель
Китайский квартал,$6 000 000,$29 200 000,$31 600 000,Номинант
Ленни,$2 700 000,$6 849 000,$11 620 000,Номинант
Разговор,$1 600 000,$4 420 000,$4 699 252,Номинант
Вздымающийся ад,$14 000 000,$116 000 000,$116 000 000,Номинант
Афера,$5 500 000,$156 000 000,$156 000 000,Победитель
Шепоты и крики,$400 000,$ 8 407,$10 407,Номинант
Изгоняющий дьявола,$12 000 000,$193 000 000,$329 017 945,Номинант
Американские граффити,$777 000,$115 000 000,$125 000 000,Номинант
С шиком,$16 500 000,$18 312 000,$20 382 287,Номинант
Крестный отец,$6 000 000,$133 698 921,$243 862 778,Победитель
Кабаре,$6 000 000,$42 765 000,$42 804 497,Номинант
Эмигранты,$3 000 000,$9 627 000,$9 589 000,Номинант
Избавление,$2 000 000,$46 122 355,$46 126 889,Номинант
Саундер,$1 900 000,$16 900 000,$16 900 000,Номинант
Последний киносеанс,$1 300 000,$29 133 000,$29 133 000,Номинант
Заводной апельсин,$2 200 000,$26 589 355,$26 638 583,Номинант
Скрипач на крыше,$9 000 000,$9 469 330,$10 404 330,Номинант
Французский связной,$1 800 000,$51 700 000,$51 700 000,Победитель
Николай и Александра,$9 000 000,$7 000 000,$8 639 000,Номинант
История любви,$2 200 000,$106 397 186,$ 136 397 186,Номинант
Пять легких пьес,$1 600 000,$18 099 091,$18 099 091,Номинант
Военно-полевой госпиталь,$3 500 000,$81 600 000,$81 600 000,Номинант
Аэропорт,$10 000 000,$100 489 151,$112 647 823,Номинант
Паттон,$12 000 000,$61 749 765,$61 749 765,Победитель
Буч Кэссиди и Сандэнс Кид,$6 000 000,$102 308 889,$102 308 889,Номинант
Полуночный ковбой,$3 600 000,$44 785 053,$52 785 053,Победитель
Дзета,$9 300 000,$83 305,$17 300 000,Номинант
Тысяча дней Анны,$4 500 000,$6 134 264,$15 000 000,Номинант
Хеллоу,$25 000 000,$33 136 000,$39 536 000,Номинант
Ромео и Джульетта,$850 000,$38 901 218,$40 901 218,Номинант
Смешная девчонка,$14 100 000,$52 223 306,$55 433 445,Номинант
Лев зимой,$4 000 000,$22 276 975,$24 934 000,Номинант
Оливер!,$10 000 000,$16 800 000,$27 000 000,Победитель
Рэйчел,$700 000,$4 500 678,$7 000 000,Номинант
Выпускник,$3 000 000,$104 945 305,$104 978 195,Номинант
Бонни и Клайд,$2 500 000,$50 700 000,$50 700 000,Номинант
Полуночная жара,$2 000 000,$24 379 978,$24 379 978,Победитель
Угадай,$4 000 000,$56 666 667,$56 666 667,Номинант
Доктор Дулиттл,$17 000 000,$9 000 000,$12 000 000,Номинант
Кто боится Вирджинии Вульф,$7 500 000,$28 000 000,$28 005 040,Номинант
Человек на все времена,$2 000 000,$28 350 000,$ 33 764 793,Победитель
Песчаная галька,$12 000 000,$30 017 647,$147 483 647,Номинант
Русские идут! Русские идут!,$3 900 000,$21 693 114,$25 000 000,Номинант
Элфи,$800 000,$18 871 300,$18 871 300,Номинант
Звуки музыки,$8 199 999,$158 671 368,$158 671 368,Победитель
Корабль дураков,$4 000 000,$2 780 000,$3 500 000,Номинант
Дорогая,$ 400 000,$560 000,$1 349 000,Номинант
Доктор Живаго,$11 000 000,$111 721 910,$111 722 024,Номинант
Тысяча клоунов,$1 000 000,$1 700 000,$2 400 000,Номинант
Моя прекрасная леди,$17 000 000,$72 000 000,$72 000 000,Победитель
Доктор Стрейнджлав,$1 800 000,$9 440 272,$9 441 964,Номинант
Грек Зорба,$783 000,$9 000 000,$9 000 000,Номинант
Бекет,$3 000 000,$9 164 370,$9 994 528,Номинант
Мэри Поппинс,$6 000 000,$102 272 727,$103 112 920,Номинант
Клеопатра,$44 000 000,$57 777 778,$59 777 778,Номинант
Америка,$327 000,$2 388 000,$3 012 000,Номинант
Полевые лилии,$240 000,$3 000 000,$7 000 000,Номинант
Война на Диком Западе,$15 000 000,$46 500 000,$46 500 000,Номинант
Том Джонс,$1 000 000,$37 600 000,$17 070 000,Победитель
Убить пересмешника,$2 000 000,$592 237,$13 129 846,Номинант
Лоуренс Аравийский,$15 000 000,$44 824 144,$45 710 874,Победитель
Мятеж на Баунти,$19 000 000,$13 680 000,$13 680 000,Номинант
Самый длинный день,$10 000 000,$39 100 000,$50 000 000,Номинант
Музыкант,$220 000,$14 953 846,$16 973 846,Номинант
Нюрнбергский процесс,$3 000 000,$6 000 000,$10 000 000,Номинант
Бильярдист,$2 000 000,$4 500 000,$7 300 000,Номинант
Вестсайдская история,$6 000 000,$43 656 822,$76 016 171,Номинант
Пушки острова Наварон,$6 000 000,$28 900 000,$28 900 000,Номинант
Фанни,$6 000 000,$4 795 171,$6 800 000,Номинант
Квартира,$3 000 000,$18 600 000,$18 606 833,Победитель
Элмер Гантри,$3 000 000,$11 336 000,$14 536 000,Номинант
Аламо,$12 000 000,$17 262 932,$25 819 916,Номинант
Бродяги,$6 000 000,$14 000 000,$15 500 000,Номинант
Сыновья и любовники,$500 000,$1 500 000,$2 300 000,Номинант
Бен-Гур,$15 000 000,$74 000 000,$164 000 000,Победитель
История монахини,$3 500 000,$12 800 000,$12 800 000,Номинант
Анатомия убийства,$2 000 000,$11 000 000,$11 000 194,Номинант
Путь в высшее общество,$280 000,$2 400 000,$3 760 000,Номинант
Дневник Анны Франк,$3 000 000,$5 014 000,$7 314 000,Номинант
Кошка на раскаленной крыше,$3 000 000,$17 570 324,$24 783 000,Номинант
Скованные одной цепью,$778 000,$1 700 000,$2 200 000,Номинант
За отдельными столиками,$5 000 000,$7 400 000,$7 400 000,Номинант
Тетушка Мэйм,$2 240 000,$21 060 000,$23 300 000,Номинант
Жижи,$3 319 355,$6 500 000,$13 200 000,Победитель
12 разгневанных мужчин,$340 000,$266 782,$266 782,Номинант
Свидетель обвинения,$3 000 000,$7 963,$487 000,Номинант
Мост через реку Квай,$3 000 000,$27 200 000,$27 200 000,Победитель
Сайонара,$22 000 000,$26 300 000,$29 000 000,Номинант
Пэйтон Плейс,$1 800 000,$25 600 000,$28 600 000,Номинант
Гигант,$5 400 000,$ 29 394 012,$32 855 818,Номинант
Десять заповедей,$13 282 712,$65 500 000,$70 000 000,Номинант
Вокруг Света за 80 дней,$6 000 000,$42 000 000,$48 172 758,Победитель
Король и я,$4 550 000,$21 300 000,$21 300 000,Номинант
Дружеское увещевание,$3 000 000,$8 000 000,$11 051 000,Номинант
Марти,$343 000,$2 900 000,$4 600 000,Победитель
Татуированная роза,$1 790 000,$3 176 980,$5 000 000,Номинант
Мистер Робертс,$17 000 000,$21 200 000,$21 200 000,Номинант
Пикник,$3 000 000,$6 897 000,$9 000 000,Номинант
Любовь — самая великолепная вещь на свете,$1 500 000,$2 300 000,$11 633 920,Номинант
В порту,$910 000,$9 600 000,$9 934 735,Победитель
Деревенская девушка,$2 000 000,$4 872 939,$6 500 000,Номинант
Восстание «Кейна»,$2 000 000,$21 750 000,$21 750 000,Номинант
Семь невест для семи братьев,$2 540 000,$9 300 000,$9 403 000,Номинант
Три монеты в фонтане,$3 980 000,$5 000 000,$12 000 000,Номинант
Римские каникулы,$1 500 000,$5 000 000,$12 000 000,Номинант
Юлий Цезарь,$2 070 000,$2 021 000,$3 900 000,Номинант
Отныне и во веки веков,$1 650 000,$30 500 000,$30 500 000,Победитель
Плащаница,$5 000 000,$36 000 000,$36 010 866,Номинант
Шейн,$3 100 000,$20 000 000,$29 000 000,Номинант
Ровно в полдень,$730 000,$8 000 000,$18 000 000,Номинант
Мулен Руж,$1 500 000,$1 650 000,$4 300 000,Номинант
Тихий человек,$1 750 000,$2 400 000,$3 800 000,Номинант
Айвенго,$3 842 000,$13 642 440,$17 320 750,Номинант
Величайшее шоу мира,$4 000 000,$36 000 000,$36 000 000,Победитель
Трамвай «Желание»,$1 800 000,$8 000 000,$8 001 246,Номинант
Камо грядеши,$7 623 000,$24 291 740,$26 000 000,Номинант
Место под солнцем,$2 295 304,$240 000,$7 000 000,Номинант
Американец в Париже,$2 723 903,$4 500 000,$26 570 463,Победитель
Решение перед рассветом,$2 500 000,$1 550 000,$2 200 000,Номинант
Сансет бульвар,$1 752 000,$299 645,$400 000,Номинант
Всё о Еве,$1 400 000,$63 463,$776 000,Победитель
Отец невесты,$948 000,$1 500 000,$1 900 000,Номинант
Копи царя Соломона,$2 258 000,$5 047 000,$9 955 000,Номинант
Рожденная вчера,$2 400 000,$3 834 000,$4 000 000,Номинант
Наследница,$2 600 000,$4 800 000,$7 375 000,Номинант
Письмо трем женам,$1 690 000,$1 500 000,$2 750 000,Номинант
Вертикальный взлет,$2 900 000,$2 700 000,$4 635 000,Номинант
Вся королевская рать,$2 000 000,$1 670 000,$3 700 000,Победитель
Поле битвы,$1 631 000,$10 293 960,$14 590 00,Номинант
Сокровища Сьерра Мадре,$3 800 000,$215 295,$600 000,Номинант
Гамлет,$500 000,$4 900 000,$12 800 000,Победитель
Красные башмачки,$500 000,$10 900 000,$11 700 000,Номинант
Змеиная яма,$800 000,$7 000 000,$15 600 000,Номинант
Джонни Белинда,$1 631 000,$4 100 000,$6 987 000,Номинант
Чудо на 34-й улице,$630 000,$2 650 000,$4 800 000,Номинант
Жена епископа,$44 000,$270 000,$955 000,Номинант
Большие надежды,$350 000,$800 000,$1 934 869,Номинант
Джентльменское соглашение,$2 000 000,$5 900 000,$7 000 000,Победитель
Перекрестный огонь,$250 000,$1 300 000,$1 500 000,Номинант
Эта замечательная жизнь,$3 180 000,$1 474 573,$8 224 626,Номинант
Лучшие годы нашей жизни,$2 100 000,$23 650 000,$23 650 000,Победитель
Олененок,$4 000 000,$3 900 000,$6 722 000,Номинант
Король Генрих V,$475 000,$1 500 000,$3 000 000,Номинант
На краю лезвия,$1 200 000,$4 590 000,$6 000 000,Номинант
Потерянный уик-энд,$1 250 000,$2 500 000,$4 973 354,Победитель
Завороженный,$1 696 377,$7 000 000,$8 000 000,Номинант
Милдред Пирс,$1 453 000,$2 200 000,$4 400 000,Номинант
Поднять якоря,$4 000 000,$900 000,$1 680 000,Номинант
Колокола Святой Марии,$12 000 000,$21 333 333,$30 780 000,Номинант
Двойная страховка,$927 262,$600 000,$2 400 000,Номинант
Газовый свет,$2 000 000,$2 263 000,$4 613 000,Номинант
С тех пор,$2 400 000,$1 730 000,$2 400 000,Номинант
Идти своим путем,$5 000 000,$16 300 000,$19 755 000,Победитель
Уилсон,$4 000 000,$2 000 000,$3 000 000,Номинант
Касабланка,$950 000,$2 875 243,$5 600 000,Победитель
Случай в Окс-Боу,$565 000,$1 000 000,$1 700 000,Номинант
По ком звонит колокол,$3 000 000,$17 800 000,$17 800 000,Номинант
Песня Бернадетт,$2 000 000,$5 000 000,$7 000 000,Номинант
Небеса могут подождать,$1 115 400,$2 800 000,$3 963 000,Номинант
Чем больше,$878 000,$1 800 000,$3 100 000,Номинант
Мадам Кюри,$1 938 000,$3 748 000,$4 610 000,Номинант
В котором мы служим,$240 000,$300 000,$2 000 000,Номинант
Дозор на Рейне,$1 090 000,$2 500 000,$3 392 000,Номинант
Человеческая комедия,$1 000 000,$2 200 000,$3 900 000,Номинант
Весь город говорит,$1 000 000,$1 100 000,$1 640 000,Номинант
Гордость янки,$2 000 000,$750 000,$4 200 000,Номинант
Миссис Минивер,$1 344 000,$8 900 000,$13 500 000,Победитель
Плоды случайности,$1 210 000,$10 137 000,$11 936 000,Номинант
Великолепие Амберсонов,$850 000,$1 100 000,$1 400 000,Номинант
49-я параллель,$132 000,$250 000,$5 000 000,Номинант
Янки Дудл Денди,$1 500 000,$11 800 000,$16 000 000,Номинант
Кингс Роу,$1 081 698,$5 093 000,$5 093 000,Номинант
Остров Уэйк,$826 000,$1 000 000,$3 500 000,Номинант
Крысолов,$2 000 000,$670 000,$1 500 000,Номинант
Гражданин Кейн,$839 727,$1 585 634,$1 632 602,Номинант
Мальтийский сокол,$300 000,$1 000 000,$1 800 000,Номинант
Подозрение,$1 800 000,$4 500 000,$4 500 000,Номинант
Маленькие лисички,$1 500 000,$1 600 000,$2 167 000,Номинант
Как зелена была моя долина,$1 250 000,$6 000 000,$6 000 000,Победитель
Сержант Йорк,$1 400 000,$16 361 885,$21 385 000,Номинант
Задержите рассвет,$2 500 000,$7 610 000,$11 970 000,Номинант
А вот и мистер Джордан,$1 200 000,$4 637 735,$6 000 000,Номинант
Один шаг в раю,$1 350 000,$800 000,$2 500 000,Номинант
Цветы в пыли,$1 112 000,$2 000 000,$2 658 000,Номинант
Великий диктатор,$2 000 000,$5 000 000,$5 017 147,Номинант
Ребекка,$1 288 000,$6 000 000,$6 000 000,Победитель
Гроздья гнева,$800 000,$750 000,$1 591 000,Номинант
Филадельфийская история,$914 000,$404 524,$3 300 000,Номинант
Все это и небо в придачу,$1 370 000,$2 800 000,$4 600 000,Номинант
Иностранный корреспондент,$1 484 167,$1 598 435,$3 484 588,Номинант
Письмо,$2 100 000,$1 585 650,$2 050 000,Номинант
Китти Фойль,$738 000,$1 900 050,$2 385 000,Номинант
Долгий путь домой,$682 495,$200 000,$580 129,Номинант
Наш город,$980 000,$670 000,$1 000 010,Номинант
Унесённые ветром,$3 977 000,$189 523 031,$391 023 031,Победитель
Мистер Смит едет в Вашингтон,$1 900 000,$144 738,$990 000,Номинант
Ниночка,$1 365 000,$1 187 000,$1 187 000,Номинант
Волшебник страны Оз,$2 777 000,$24 770 492,$25 739 492,Номинант
Дилижанс,$392 000,$531 374,$1 103 757,Номинант
Победить темноту,$383 000,$1 900 000,$2 746 000,Номинант
До свидания,$1 051 000,$ 2 700 000,$3 252 000,Номинант
Грозовой перевал,$1 390 000,$593 914,$624 643,Номинант
Любовный роман,$860 000,$1 020 700,$1 800 000,Номинант
О мышах и людях,$336 524,$500 000,$676 292,Номинант
Пигмалион,$350 000,$875 990,$1 400 000,Номинант
Великая иллюзия,$470 000,$316 050,$316 050,Номинант
С собой не унесешь,$1 644 736,$1 600 000,$11 500 000,Победитель
Иезавель,$1 250 000,$1 250 000,$1 950 000,Номинант
Летчик-испытатель,$1 700 000,$2 700 000,$3 900 000,Номинант
Приключения Робин Гуда,$1 900 000,$3 981 000,$4 033 000,Номинант
Город мальчиков,$772 000,$900 000,$4 058 000,Номинант
Цитадель,$1 012 000,$987 000,$2 611 000,Номинант
Рэгтайм Бэнд Александра,$2 000 000,$2 275 000,$3 600 000,Номинант
Четыре дочери,$890 000,$1 709 000,$2 290 000,Номинант
Потерянный горизонт,$4 000 000,$2 000 000,$3 500 000,Номинант
Отважные капитаны,$1 645 000,$1 400 000,$3 100 000,Номинант
Дверь на сцену,$952 000,$900 400,$1 762 000,Номинант
Ужасная правда,$600 000,$2 800 000,$3 400 000,Номинант
Тупик,$300 000,$900 000,$1 700 000,Номинант
Звезда родилась,$1 173 639,$4 360 000,$6 992 000,Номинант
Жизнь Эмиля Золя,$400 000,$150 000,$935 000,Победитель
Сто мужчин и одна девушка,$762 000,$2 270 200,$2 270 200,Номинант
В старом Чикаго,$1 800 000,$2 500 000,$3 100 000,Номинант
Благословенная земля,$2 800 000,$770 000,$1 600 080,Номинант
Мистер Дидс переезжает в город,$800 000,$845 710,$2 500 000,Номинант
Оклеветанная,$603 000,$723 000,$2 723 000,Номинант
Сан-Франциско,$1 300 000,$3 248 291,$5 300 000,Номинант
Три милые девушки,$326 000,$1 635 800,$1 635 800,Номинант
Повесть о Луи Пастере,$400 000,$200 000,$800 000,Номинант
Повесть о двух городах,$1 232 000,$1 800 000,$2 300 000,Номинант
Великий Зигфелд,$2 138 000,$1 739 000,$4 673 000,Победитель
Додсворт,$900 000,$789 000,$1 600 000,Номинант
Ромео и Джульетта,$2 000 000,$962 000,$1 113 000,Номинант
Антони-неудачник,$1 050 500,$1 192 000,$2 150 000,Номинант
Мятеж на Баунти,$1 950 000,$5 474 471,$9 870 000,Победитель
Цилиндр,$609 000,$1 782 000,$3 200 000,Номинант
Одиссея капитана Блада,$1 200 000,$1 242 000,$3 090 000,Номинант
Сон в летнюю ночь,$981 000,$1 200 000,$1 6000,Номинант
Осведомитель,$243 000,$458 000,$933 000,Номинант
Элис Адамс,$342 000,$770 000,$770 000,Номинант
Жизнь бенгальского улана,$1 300 000,$760 000,$1 500 000,Номинант
Отверженные,$1 000 000,$70 000,$540 000,Номинант
Дэвид Копперфилд,$1 073 000,$1 785 000,$3 064 000,Номинант
Мелодия Бродвея 1936 года,$1 062 000,$894 000,$2 871 000,Номинант
Рагглз из Ред-Геп,$1 950 000,$1 000 000,$1 895 000,Номинант
Капризная Мариетта,$980 000,$600 000,$1 347 000,Номинант
Это случилось однажды ночью,$325 000,$2 977 000,$4 360 000,Победитель
Тонкий человек,$226 408,$672 000,$1 400 000,Номинант
Веселый развод,$520 000,$650 000,$1 400 000,Номинант
Имитация жизни,$1 200 000,$3 555 000,$6 400 000,Номинант
Барреты с Уимпол-стрит,$820 000,$710 000,$1 258 000,Номинант
Клеопатра,$842 908,$1 086 253,$1 929 161,Номинант
Да здравствует Вилья!,$1 017 400,$1 109 000,$1 969 000,Номинант
Дом Ротшильдов,$1 200 000,$600 000,$1 000 000,Номинант
В дело вступает флот,$263 000,$150 000,$470 000,Номинант
Одна ночь любви,$500 000,$1 750 000,$2 500 000,Номинант
Дорожка флирта,$479 000,$1 256 000,$1 533 000,Номинант
Парад белых халатов,$200 000,$638 000,$920 000,Номинант
Я — беглый каторжник,$195 845,$200 000,$350 000,Номинант
Маленькие женщины,$424 000,$1 695 000,$2 070 000,Номинант
Леди на один день,$300 000,$500 000,$700 000,Номинант
Частная жизнь Генриха VIII,$60 000,$750 000,$990 000,Номинант
Прощай,$900 000,$729 000,$1 000 000,Номинант
42-я улица,$439 000,$2 300 000,$2 300 000,Номинант
Она обошлась с ним нечестно,$200 000,$2 000 000,$2 200 000,Номинант
Нежная улыбка,$400 000,$800 000,$1 100 005,Номинант
Кавалькада,$1 180 280,$3 500 000,$7 630 000,Победитель
Ярмарка штата,$1 300 000,$2 870 000,$4 000 000,Номинант
Гранд Отель,$700 000,$1 235 000,$1 235 000,Победитель
Шанхайский экспресс,$985 000,$3 700 000,$1 500 000,Номинант
Чемпион,$356 000,$800 000,$1 600 000,Номинант
Улыбающийся лейтенант,$860 000,$700 000,$938 000,Номинант
Пять последних звезд,$310 000,$665 000,$882 000,Номинант
Один час с тобой,$290 000,$640 000,$769 000,Номинант
Доктор Эрроусмит,$875 000,$900 000,$1 250 000,Номинант
Плохая девчонка,$40 000,$290 000,$420 000,Номинант
Первая полоса,$550 000,$500 000,$700 000,Номинант
Симаррон,$1 433 000,$640 000,$1 383 000,Победитель
Скиппи,$970 000,$526 000,$870 000,Номинант
Ист Линн,$1 000 200,$839 000,$1 029 000,Номинант
Трейдер Хорн,$1 312 636,$2 800 000,$4 200 000,Номинант
На Западном фронте без перемен,$1 200 000,$3 270 000,$3 270 000,Победитель
Парад любви,$650 000,$700 000,$1 200 000,Номинант
Развод,$340 691,$300 000,$870 000,Номинант
Казенный дом,$478 000,$500 000,$567 000,Номинант
Дизраэли,$318 000,$844 000,$1 498 000,Номинант
Бродвейская мелодия 1929 года,$379 000,$2 808 000,$3 996 000,Победитель
В старой Аризоне,$940 000,$800 000,$1 300 000,Номинант
Патриот,$1 000 000,$640 000,$1 383 000,Номинант
Голливудское ревю,$400 000,$526 000,$870 000,Номинант
Алиби,$380 000,$250 000,$700 000,Номинант
Седьмое небо,$1 300 000,$1 720 000,$2 500 000,Номинант
Крылья,$2 000 000,$3 000 000,$3 800 000,Победитель
Рэкет,$670 000,$592 000,$1 300 000,Номинант